{
  "images" : [
    {
      "filename" : "1FC9E7A7-FFEA-4B63-AC89-6C243E90F8D0-17.jpeg",
      "idiom" : "iphone",
      "scale" : "2x",
      "size" : "20x20"
    },
    {
      "filename" : "1FC9E7A7-FFEA-4B63-AC89-6C243E90F8D0-15.jpeg",
      "idiom" : "iphone",
      "scale" : "3x",
      "size" : "20x20"
    },
    {
      "filename" : "1FC9E7A7-FFEA-4B63-AC89-6C243E90F8D0-16.jpeg",
      "idiom" : "iphone",
      "scale" : "2x",
      "size" : "29x29"
    },
    {
      "filename" : "1FC9E7A7-FFEA-4B63-AC89-6C243E90F8D0-13.jpeg",
      "idiom" : "iphone",
      "scale" : "3x",
      "size" : "29x29"
    },
    {
      "filename" : "1FC9E7A7-FFEA-4B63-AC89-6C243E90F8D0-14.jpeg",
      "idiom" : "iphone",
      "scale" : "2x",
      "size" : "40x40"
    },
    {
      "filename" : "1FC9E7A7-FFEA-4B63-AC89-6C243E90F8D0-12.jpeg",
      "idiom" : "iphone",
      "scale" : "3x",
      "size" : "40x40"
    },
    {
      "filename" : "1FC9E7A7-FFEA-4B63-AC89-6C243E90F8D0-11.jpeg",
      "idiom" : "iphone",
      "scale" : "2x",
      "size" : "60x60"
    },
    {
      "filename" : "1FC9E7A7-FFEA-4B63-AC89-6C243E90F8D0-10.jpeg",
      "idiom" : "iphone",
      "scale" : "3x",
      "size" : "60x60"
    },
    {
      "filename" : "1FC9E7A7-FFEA-4B63-AC89-6C243E90F8D0-9.jpeg",
      "idiom" : "ipad",
      "scale" : "1x",
      "size" : "20x20"
    },
    {
      "filename" : "1FC9E7A7-FFEA-4B63-AC89-6C243E90F8D0-7.jpeg",
      "idiom" : "ipad",
      "scale" : "2x",
      "size" : "20x20"
    },
    {
      "filename" : "1FC9E7A7-FFEA-4B63-AC89-6C243E90F8D0-8.jpeg",
      "idiom" : "ipad",
      "scale" : "1x",
      "size" : "29x29"
    },
    {
      "filename" : "1FC9E7A7-FFEA-4B63-AC89-6C243E90F8D0-5.jpeg",
      "idiom" : "ipad",
      "scale" : "2x",
      "size" : "29x29"
    },
    {
      "filename" : "1FC9E7A7-FFEA-4B63-AC89-6C243E90F8D0-6.jpeg",
      "idiom" : "ipad",
      "scale" : "1x",
      "size" : "40x40"
    },
    {
      "filename" : "1FC9E7A7-FFEA-4B63-AC89-6C243E90F8D0-3.jpeg",
      "idiom" : "ipad",
      "scale" : "2x",
      "size" : "40x40"
    },
    {
      "filename" : "1FC9E7A7-FFEA-4B63-AC89-6C243E90F8D0-4.jpeg",
      "idiom" : "ipad",
      "scale" : "1x",
      "size" : "76x76"
    },
    {
      "filename" : "1FC9E7A7-FFEA-4B63-AC89-6C243E90F8D0-2.jpeg",
      "idiom" : "ipad",
      "scale" : "2x",
      "size" : "76x76"
    },
    {
      "filename" : "1FC9E7A7-FFEA-4B63-AC89-6C243E90F8D0-1.jpeg",
      "idiom" : "ipad",
      "scale" : "2x",
      "size" : "83.5x83.5"
    },
    {
      "filename" : "1FC9E7A7-FFEA-4B63-AC89-6C243E90F8D0.jpeg",
      "idiom" : "ios-marketing",
      "scale" : "1x",
      "size" : "1024x1024"
    }
  ],
  "info" : {
    "author" : "xcode",
    "version" : 1
  }
}
