{
  "images" : [
    {
      "filename" : "1FC9E7A7-FFEA-4B63-AC89-6C243E90F8D0-1.jpeg",
      "idiom" : "watch",
      "scale" : "2x"
    },
    {
      "filename" : "1FC9E7A7-FFEA-4B63-AC89-6C243E90F8D0-2.jpeg",
      "idiom" : "watch",
      "scale" : "2x",
      "screen-width" : "<=145"
    },
    {
      "filename" : "1FC9E7A7-FFEA-4B63-AC89-6C243E90F8D0.jpeg",
      "idiom" : "watch",
      "scale" : "2x",
      "screen-width" : ">183"
    }
  ],
  "info" : {
    "author" : "xcode",
    "version" : 1
  }
}
